"variable","CODE_SEC","RES_SEC","W_IND"
"h10","001","002",46.14761
"h10","001","004",52.48504
"h10","001","009",104.04812
"h10","001","013",78.32505
"h10","001","015",53.48632
"h10","001","017",129.0145
"h10","001","024",40.86674
"h10","001","033",64.45294
"h10","001","038",25.43503
