"variable","CODE_SEC","RES_SEC","W_IND"
"h10","013","011",21.29032
"h10","013","014",32.75515
"h10","013","015",29.62795
"h10","013","016",95.2894
"h10","013","017",60.65434
"h10","013","022",11.11839
"h10","013","027",24.93964
"h10","013","028",56.72445
"h10","013","029",116.66749
