"variable","CODE_SEC","RES_SEC","W_IND"
"h14","108","101",89.73583
"h14","108","102",85.2619
"h14","108","104",156.5462
"h14","108","105",52.5263
"h14","108","106",270.18686
"h14","108","107",30.25107
"h14","108","112",73.52442
"h14","108","115",63.7313
"h14","108","130",52.32685
