"variable","CODE_SEC","RES_SEC","W_IND"
"h15","015","003",85.40438
"h15","015","005",98.40417
"h15","015","007",42.64547
"h15","015","008",121.13283
"h15","015","009",56.90774
"h15","015","014",131.89293
"h15","015","019",70.9399
"h15","015","020",46.12466
"h15","015","024",19.00415
