"variable","CODE_SEC","RES_SEC","W_IND"
"h15","015","003",85.40438
"h15","015","005",174.48445
"h15","015","007",42.64547
"h15","015","008",121.13283
"h15","015","009",160.67114
"h15","015","014",170.77186
"h15","015","019",70.9399
"h15","015","020",46.12466
"h15","015","024",19.00415
"h16","015","005",76.08028
"h16","015","008",217.38542
"h16","015","009",103.7634
"h16","015","014",170.77186
"h16","015","019",128.19205
