"variable","CODE_SEC","RES_SEC","W_IND"
"h15","7502","7504",613.290418696293
"h15","7502","7508",367.820408784641
"h15","7502","7510",2061.02464373407
"h15","7502","7512",4734.91469552966
"h15","7502","7513",1037.96045930855
"h15","7502","7702",3528.74212360239
"h15","7502","9112",266.834305256185
"h15","7502","9205",1531.43347481543
"h15","7502","9505",262.761607113223
"h15","7502","9513",106.75039269272
