"variable","CODE_SEC","RES_SEC","W_IND"
"h15","101","105",236.13482
"h15","101","107",109.6511
"h15","101","109",24.41551
"h15","101","111",34.76022
"h15","101","113",65.50528
"h15","101","115",35.91041
"h15","101","118",39.862
"h15","101","124",38.9733
"h15","101","125",45.46272
"h15","101","126",26.57922
"h15","101","132",53.16053
"h15","101","134",48.86477
"h15","101","136",97.70645
"h15","101","142",30.98072
"h15","101","156",61.05125
"h15","101","160",58.97252
