"variable","CODE_SEC","RES_SEC","W_IND"
"h10","113","102",171.64307
"h10","113","106",47.21618
"h10","113","109",55.6829
"h10","113","112",146.35604
"h10","113","114",166.63541
"h10","113","118",55.93129
"h10","113","122",70.68651
