"variable","CODE_SEC","RES_SEC","W_IND"
"h14","108","101",38.47573
"h14","108","102",44.3054
"h14","108","104",37.67937
"h14","108","106",69.76579
"h14","108","107",41.03146
"h14","108","109",32.90411
"h14","108","110",39.64889
"h14","108","112",65.08674
"h14","108","114",28.38916
"h14","108","120",36.03198
