"variable","CODE_SEC","RES_SEC","W_IND"
"h15","116","110",76.35987
"h15","116","118",90.64687
"h15","116","134",148.50664
"h15","116","143",45.94055
"h15","116","207",128.6598
"h15","116","219",62.08136
"h15","116","228",35.58778
"h15","116","250",104.636
"h15","116","706",42.5266
